{"cameraMode":{"drawMode":0,"name":"Shaded","section":"Shading Mode"},"sceneLighting":true,"audioPlay":false,"sceneViewState":{"m_AlwaysRefresh":false,"showFog":true,"showSkybox":true,"showFlares":true,"showImageEffects":true,"showParticleSystems":true,"showVisualEffectGraphs":true,"m_FxEnabled":true},"in2DMode":false,"pivot":{"x":-0.006462499499320984,"y":4.563420295715332,"z":-0.22071141004562379},"rotation":{"x":-0.07988381385803223,"y":-0.09197846800088883,"z":0.007406778633594513,"w":-0.9925603270530701},"size":0.17735806107521058,"orthographic":false}