{"cameraMode":{"drawMode":0,"name":"Shaded","section":"Shading Mode"},"sceneLighting":false,"audioPlay":false,"sceneViewState":{"showFog":true,"showMaterialUpdate":false,"showSkybox":false,"showFlares":true,"showImageEffects":true,"showParticleSystems":true},"in2DMode":false,"pivot":{"x":3.0497000217437746,"y":4.560100078582764,"z":-0.1298000067472458},"rotation":{"x":-0.06778749078512192,"y":-0.9743077158927918,"z":0.14823409914970399,"w":0.17184899747371674},"size":0.01614001765847206,"orthographic":false}