{"cameraMode":{"drawMode":0,"name":"Shaded","section":"Shading Mode"},"sceneLighting":true,"audioPlay":false,"sceneViewState":{"showFog":true,"showMaterialUpdate":false,"showSkybox":true,"showFlares":true,"showImageEffects":true,"showParticleSystems":true},"in2DMode":false,"pivot":{"x":-1.4803500175476075,"y":4.568550109863281,"z":-1.3170500993728638},"rotation":{"x":0.1984645128250122,"y":0.03798234462738037,"z":-0.04763532802462578,"w":0.9796918630599976},"size":0.9181174635887146,"orthographic":false}