{"cameraMode":{"drawMode":0,"name":"Shaded","section":"Shading Mode"},"sceneLighting":true,"audioPlay":false,"sceneViewState":{"showFog":true,"showMaterialUpdate":false,"showSkybox":true,"showFlares":true,"showImageEffects":true,"showParticleSystems":true},"in2DMode":false,"pivot":{"x":2.3399999141693117,"y":13.260945320129395,"z":-0.3199999928474426},"rotation":{"x":0.28837135434150698,"y":-0.22547173500061036,"z":0.09448575973510742,"w":0.9287400841712952},"size":13.631175994873047,"orthographic":false}