{"cameraMode":{"drawMode":0,"name":"Shaded","section":"Shading Mode"},"sceneLighting":false,"audioPlay":false,"sceneViewState":{"showFog":true,"showMaterialUpdate":false,"showSkybox":false,"showFlares":true,"showImageEffects":true,"showParticleSystems":true},"in2DMode":false,"pivot":{"x":-20.126800537109376,"y":1.9249999523162842,"z":6.417850017547607},"rotation":{"x":0.0727308988571167,"y":-0.27761727571487429,"z":-0.023642968386411668,"w":-0.9577892422676086},"size":24.195579528808595,"orthographic":false}