{"cameraMode":{"drawMode":0,"name":"Shaded","section":"Shading Mode"},"sceneLighting":true,"audioPlay":false,"sceneViewState":{"showFog":true,"showMaterialUpdate":false,"showSkybox":true,"showFlares":true,"showImageEffects":true,"showParticleSystems":true},"in2DMode":false,"pivot":{"x":-0.2121099978685379,"y":4.560100078582764,"z":-0.07330352067947388},"rotation":{"x":-0.4419982433319092,"y":-0.6360915899276733,"z":0.19560545682907105,"w":-0.6047765612602234},"size":0.07056784629821778,"orthographic":false}