{"cameraMode":{"drawMode":0,"name":"Shaded","section":"Shading Mode"},"sceneLighting":false,"audioPlay":false,"sceneViewState":{"showFog":true,"showMaterialUpdate":false,"showSkybox":false,"showFlares":true,"showImageEffects":true,"showParticleSystems":true},"in2DMode":false,"pivot":{"x":17.14389419555664,"y":2.197126865386963,"z":-6.292266845703125},"rotation":{"x":-0.1974063515663147,"y":-0.48028141260147097,"z":0.0795070007443428,"w":-0.8539881706237793},"size":19.03577423095703,"orthographic":false}