{"cameraMode":{"drawMode":0,"name":"Shaded","section":"Shading Mode"},"sceneLighting":true,"audioPlay":false,"sceneViewState":{"showFog":true,"showMaterialUpdate":false,"showSkybox":true,"showFlares":true,"showImageEffects":true,"showParticleSystems":true},"in2DMode":false,"pivot":{"x":-0.27379998564720156,"y":4.579899787902832,"z":-0.22190000116825105},"rotation":{"x":0.03684050217270851,"y":0.994197428226471,"z":0.11041262000799179,"w":0.029613390564918519},"size":0.06062472239136696,"orthographic":false}