{"cameraMode":{"drawMode":0,"name":"Shaded","section":"Shading Mode"},"sceneLighting":true,"audioPlay":false,"sceneViewState":{"showFog":true,"showMaterialUpdate":false,"showSkybox":true,"showFlares":true,"showImageEffects":true,"showParticleSystems":true},"in2DMode":false,"pivot":{"x":-1.1614270210266114,"y":5.022467613220215,"z":-0.28662359714508059},"rotation":{"x":0.025414662435650827,"y":0.9746254086494446,"z":0.15930354595184327,"w":-0.1561594009399414},"size":2.544999837875366,"orthographic":false}