{"cameraMode":{"drawMode":0,"name":"Shaded","section":"Shading Mode"},"sceneLighting":true,"audioPlay":false,"sceneViewState":{"showFog":true,"showMaterialUpdate":false,"showSkybox":true,"showFlares":true,"showImageEffects":true,"showParticleSystems":true},"in2DMode":false,"pivot":{"x":-0.006462499499320984,"y":4.563420295715332,"z":-0.22071141004562379},"rotation":{"x":0.02972635254263878,"y":-0.3456486761569977,"z":0.038804035633802417,"w":0.9399963617324829},"size":3.6302576065063478,"orthographic":false}