{"cameraMode":{"drawMode":0,"name":"Shaded","section":"Shading Mode"},"sceneLighting":true,"audioPlay":false,"sceneViewState":{"showFog":true,"showMaterialUpdate":false,"showSkybox":true,"showFlares":true,"showImageEffects":true,"showParticleSystems":true},"in2DMode":false,"pivot":{"x":7.006539821624756,"y":0.7541521787643433,"z":2.5872411727905275},"rotation":{"x":0.00452595017850399,"y":0.6120445728302002,"z":0.01677144505083561,"w":0.7927818894386292},"size":9.519356727600098,"orthographic":false}