{"cameraMode":{"drawMode":0,"name":"Shaded","section":"Shading Mode"},"sceneLighting":true,"audioPlay":false,"sceneViewState":{"showFog":true,"showMaterialUpdate":false,"showSkybox":true,"showFlares":true,"showImageEffects":true,"showParticleSystems":true},"in2DMode":false,"pivot":{"x":-0.018579978495836259,"y":4.3657002449035648,"z":1.009200096130371},"rotation":{"x":0.00069412961602211,"y":0.998929500579834,"z":-0.006042108405381441,"w":-0.0479450523853302},"size":1.8518049716949463,"orthographic":false}