{"cameraMode":{"drawMode":0,"name":"Shaded","section":"Shading Mode"},"sceneLighting":true,"audioPlay":false,"sceneViewState":{"showFog":true,"showMaterialUpdate":false,"showSkybox":true,"showFlares":true,"showImageEffects":true,"showParticleSystems":true},"in2DMode":false,"pivot":{"x":0.22889344394207,"y":3.4642481803894045,"z":6.860245704650879},"rotation":{"x":-0.08429156243801117,"y":0.06858597695827484,"z":0.013429606333374977,"w":0.9970306158065796},"size":0.33025771379470827,"orthographic":false}