{"cameraMode":{"drawMode":0,"name":"Shaded","section":"Shading Mode"},"sceneLighting":true,"audioPlay":false,"sceneViewState":{"showFog":true,"showMaterialUpdate":false,"showSkybox":true,"showFlares":true,"showImageEffects":true,"showParticleSystems":true},"in2DMode":false,"pivot":{"x":-0.7944999933242798,"y":4.52475118637085,"z":-0.3575025200843811},"rotation":{"x":0.0014963786816224456,"y":0.07649894803762436,"z":-0.004442659206688404,"w":-1.002634048461914},"size":4.0005340576171879,"orthographic":false}