{"cameraMode":{"drawMode":0,"name":"Shaded","section":"Shading Mode"},"sceneLighting":false,"audioPlay":false,"sceneViewState":{"showFog":true,"showMaterialUpdate":false,"showSkybox":false,"showFlares":true,"showImageEffects":true,"showParticleSystems":true},"in2DMode":false,"pivot":{"x":-0.23380672931671143,"y":4.566129684448242,"z":1.2240869998931885},"rotation":{"x":0.14134973287582398,"y":-0.01903313584625721,"z":-0.0013940673088654876,"w":0.9943411946296692},"size":0.3890078067779541,"orthographic":false}