{"cameraMode":{"drawMode":0,"name":"Shaded","section":"Shading Mode"},"sceneLighting":true,"audioPlay":false,"sceneViewState":{"showFog":true,"showMaterialUpdate":false,"showSkybox":true,"showFlares":true,"showImageEffects":true,"showParticleSystems":true},"in2DMode":false,"pivot":{"x":-0.006462499499320984,"y":4.563420295715332,"z":-0.22071141004562379},"rotation":{"x":0.013017474673688412,"y":-0.016302770003676416,"z":0.027715498581528665,"w":0.9999473094940186},"size":0.4000781178474426,"orthographic":false}