{"cameraMode":{"drawMode":0,"name":"Shaded","section":"Shading Mode"},"sceneLighting":true,"audioPlay":false,"sceneViewState":{"showFog":true,"showMaterialUpdate":false,"showSkybox":true,"showFlares":true,"showImageEffects":true,"showParticleSystems":true},"in2DMode":false,"pivot":{"x":-4.496445178985596,"y":4.970180511474609,"z":-1.246885895729065},"rotation":{"x":0.05276534706354141,"y":-0.07177650183439255,"z":0.02457115240395069,"w":0.9973838925361633},"size":4.030506134033203,"orthographic":false}