{"cameraMode":{"drawMode":0,"name":"Shaded","section":"Shading Mode"},"sceneLighting":true,"audioPlay":false,"sceneViewState":{"showFog":true,"showMaterialUpdate":false,"showSkybox":true,"showFlares":true,"showImageEffects":true,"showParticleSystems":true},"in2DMode":false,"pivot":{"x":0.15603752434253694,"y":4.563420295715332,"z":-0.22071141004562379},"rotation":{"x":-0.05237729847431183,"y":-0.06210384890437126,"z":0.13365395367145539,"w":0.9905012845993042},"size":1.305906057357788,"orthographic":false}