{"cameraMode":{"drawMode":0,"name":"Shaded","section":"Shading Mode"},"sceneLighting":false,"audioPlay":false,"sceneViewState":{"showFog":true,"showMaterialUpdate":false,"showSkybox":false,"showFlares":true,"showImageEffects":true,"showParticleSystems":true},"in2DMode":false,"pivot":{"x":4.690000057220459,"y":3.4100000858306886,"z":-20.58981704711914},"rotation":{"x":-0.13134683668613435,"y":-0.5569735169410706,"z":0.05585335195064545,"w":-0.821380615234375},"size":9.221246719360352,"orthographic":false}