{"cameraMode":{"drawMode":0,"name":"Shaded","section":"Shading Mode"},"sceneLighting":false,"audioPlay":false,"sceneViewState":{"showFog":true,"showMaterialUpdate":false,"showSkybox":false,"showFlares":true,"showImageEffects":true,"showParticleSystems":true},"in2DMode":false,"pivot":{"x":2.2403082847595217,"y":0.35358667373657229,"z":15.94550895690918},"rotation":{"x":-0.1974063515663147,"y":-0.48028141260147097,"z":0.0795070007443428,"w":-0.8539881706237793},"size":53.149845123291019,"orthographic":false}