{"cameraMode":{"drawMode":0,"name":"Shaded","section":"Shading Mode"},"sceneLighting":true,"audioPlay":false,"sceneViewState":{"showFog":true,"showMaterialUpdate":false,"showSkybox":true,"showFlares":true,"showImageEffects":true,"showParticleSystems":true},"in2DMode":false,"pivot":{"x":1.23054039478302,"y":5.9054999351501469,"z":13.531026840209961},"rotation":{"x":-0.07639240473508835,"y":-0.06750870496034622,"z":0.01861986517906189,"w":0.9954497218132019},"size":14.77413558959961,"orthographic":false}