{"cameraMode":{"drawMode":0,"name":"Shaded","section":"Shading Mode"},"sceneLighting":false,"audioPlay":false,"sceneViewState":{"showFog":true,"showMaterialUpdate":false,"showSkybox":false,"showFlares":true,"showImageEffects":true,"showParticleSystems":true},"in2DMode":false,"pivot":{"x":2.095397472381592,"y":0.904312252998352,"z":8.0242338180542},"rotation":{"x":-0.1974063515663147,"y":-0.48028141260147097,"z":0.0795070007443428,"w":-0.8539881706237793},"size":22.0441837310791,"orthographic":false}