{"cameraMode":{"drawMode":0,"name":"Shaded","section":"Shading Mode"},"sceneLighting":false,"audioPlay":false,"sceneViewState":{"showFog":true,"showMaterialUpdate":false,"showSkybox":false,"showFlares":true,"showImageEffects":true,"showParticleSystems":true},"in2DMode":false,"pivot":{"x":3.2049999237060549,"y":1.374500036239624,"z":-0.2460000067949295},"rotation":{"x":-0.1974063515663147,"y":-0.48028141260147097,"z":0.0795070007443428,"w":-0.8539881706237793},"size":2.7393171787261965,"orthographic":false}