{"cameraMode":{"drawMode":0,"name":"Shaded","section":"Shading Mode"},"sceneLighting":true,"audioPlay":false,"sceneViewState":{"showFog":true,"showMaterialUpdate":false,"showSkybox":true,"showFlares":true,"showImageEffects":true,"showParticleSystems":true},"in2DMode":false,"pivot":{"x":0.05375649034976959,"y":-0.34910476207733157,"z":1.4852828979492188},"rotation":{"x":0.07772984355688095,"y":0.036986660212278369,"z":0.004869215656071901,"w":0.9984151721000671},"size":2.689924478530884,"orthographic":false}