{"cameraMode":{"drawMode":0,"name":"Shaded","section":"Shading Mode"},"sceneLighting":false,"audioPlay":false,"sceneViewState":{"showFog":true,"showMaterialUpdate":false,"showSkybox":false,"showFlares":true,"showImageEffects":true,"showParticleSystems":true},"in2DMode":false,"pivot":{"x":0.024999994784593583,"y":0.15700000524520875,"z":0.375},"rotation":{"x":0.0005654427804984152,"y":0.9960879683494568,"z":-0.09174186736345291,"w":-0.015960227698087693},"size":0.47611644864082339,"orthographic":false}