{"cameraMode":{"drawMode":0,"name":"Shaded","section":"Shading Mode"},"sceneLighting":false,"audioPlay":false,"sceneViewState":{"showFog":true,"showMaterialUpdate":false,"showSkybox":false,"showFlares":true,"showImageEffects":true,"showParticleSystems":true},"in2DMode":false,"pivot":{"x":2.9802322387695315e-8,"y":0.4350000023841858,"z":6.617499828338623},"rotation":{"x":-0.062299106270074847,"y":-0.1831955462694168,"z":0.011115544475615025,"w":-0.9812296032905579},"size":2.195321798324585,"orthographic":false}