{"cameraMode":{"drawMode":0,"name":"Shaded","section":"Shading Mode"},"sceneLighting":true,"audioPlay":false,"sceneViewState":{"showFog":true,"showMaterialUpdate":false,"showSkybox":true,"showFlares":true,"showImageEffects":true,"showParticleSystems":true},"in2DMode":false,"pivot":{"x":0.23327600955963136,"y":4.458398818969727,"z":0.7015758752822876},"rotation":{"x":-0.1037110686302185,"y":-0.0877961590886116,"z":-0.08559317141771317,"w":-0.989633321762085},"size":1.1565663814544678,"orthographic":false}