{"cameraMode":{"drawMode":0,"name":"Shaded","section":"Shading Mode"},"sceneLighting":false,"audioPlay":false,"sceneViewState":{"showFog":true,"showMaterialUpdate":false,"showSkybox":false,"showFlares":true,"showImageEffects":true,"showParticleSystems":true},"in2DMode":false,"pivot":{"x":-4.747896194458008,"y":0.6604466438293457,"z":9.566076278686524},"rotation":{"x":-0.1974063515663147,"y":-0.48028141260147097,"z":0.0795070007443428,"w":-0.8539881706237793},"size":19.853897094726564,"orthographic":false}