{"cameraMode":{"drawMode":0,"name":"Shaded","section":"Shading Mode"},"sceneLighting":false,"audioPlay":false,"sceneViewState":{"showFog":true,"showMaterialUpdate":false,"showSkybox":false,"showFlares":true,"showImageEffects":true,"showParticleSystems":true},"in2DMode":false,"pivot":{"x":0.05611652135848999,"y":-0.36550000309944155,"z":1.5201399326324463},"rotation":{"x":-0.040498096495866778,"y":0.032006483525037768,"z":0.025944940745830537,"w":1.001024603843689},"size":0.8226133584976196,"orthographic":false}