{"cameraMode":{"drawMode":0,"name":"Shaded","section":"Shading Mode"},"sceneLighting":false,"audioPlay":false,"sceneViewState":{"showFog":true,"showMaterialUpdate":false,"showSkybox":false,"showFlares":true,"showImageEffects":true,"showParticleSystems":true},"in2DMode":false,"pivot":{"x":-20.026500701904298,"y":2.342590093612671,"z":6.936162948608398},"rotation":{"x":0.1781657487154007,"y":0.746231198310852,"z":-0.17000824213027955,"w":0.6226823925971985},"size":5.17483377456665,"orthographic":false}