{"cameraMode":{"drawMode":0,"name":"Shaded","section":"Shading Mode"},"sceneLighting":false,"audioPlay":false,"sceneViewState":{"showFog":true,"showMaterialUpdate":false,"showSkybox":false,"showFlares":true,"showImageEffects":true,"showParticleSystems":true},"in2DMode":false,"pivot":{"x":1.0509999990463257,"y":0.06168505549430847,"z":0.5583500266075134},"rotation":{"x":0.13942864537239076,"y":0.04267449676990509,"z":0.017576362937688829,"w":0.991930365562439},"size":0.2870320677757263,"orthographic":false}