{"cameraMode":{"drawMode":0,"name":"Shaded","section":"Shading Mode"},"sceneLighting":true,"audioPlay":false,"sceneViewState":{"showFog":true,"showMaterialUpdate":false,"showSkybox":true,"showFlares":true,"showImageEffects":true,"showParticleSystems":true},"in2DMode":false,"pivot":{"x":-0.006462499499320984,"y":4.563420295715332,"z":-0.22071141004562379},"rotation":{"x":-0.0380895659327507,"y":0.014081431552767754,"z":-0.0005443425616249442,"w":-0.9991902112960815},"size":0.10007811337709427,"orthographic":false}