{"cameraMode":{"drawMode":0,"name":"Shaded","section":"Shading Mode"},"sceneLighting":true,"audioPlay":false,"sceneViewState":{"showFog":true,"showMaterialUpdate":false,"showSkybox":true,"showFlares":true,"showImageEffects":true,"showParticleSystems":true},"in2DMode":false,"pivot":{"x":-0.2879447937011719,"y":4.576879501342773,"z":0.4147062301635742},"rotation":{"x":0.027974991127848626,"y":-0.412959486246109,"z":0.11294607818126679,"w":0.906258761882782},"size":2.5220680236816408,"orthographic":false}