{"cameraMode":{"drawMode":0,"name":"Shaded","section":"Shading Mode"},"sceneLighting":true,"audioPlay":false,"sceneViewState":{"showFog":true,"showMaterialUpdate":false,"showSkybox":true,"showFlares":true,"showImageEffects":true,"showParticleSystems":true},"in2DMode":false,"pivot":{"x":-6.114898681640625,"y":19.413827896118165,"z":12.510000228881836},"rotation":{"x":-0.17204515635967256,"y":0.17285338044166566,"z":0.1723082959651947,"w":0.9582684636116028},"size":3.5255954265594484,"orthographic":false}