{"cameraMode":{"drawMode":0,"name":"Shaded","section":"Shading Mode"},"sceneLighting":true,"audioPlay":false,"sceneViewState":{"showFog":true,"showMaterialUpdate":false,"showSkybox":true,"showFlares":true,"showImageEffects":true,"showParticleSystems":true},"in2DMode":false,"pivot":{"x":-0.42516079545021059,"y":5.477395534515381,"z":-1.3926630020141602},"rotation":{"x":-0.14596086740493775,"y":-0.0912896916270256,"z":-0.11520057916641236,"w":-0.9820266962051392},"size":0.8350750803947449,"orthographic":false}