{"cameraMode":{"drawMode":0,"name":"Shaded","section":"Shading Mode"},"sceneLighting":true,"audioPlay":false,"sceneViewState":{"showFog":true,"showMaterialUpdate":false,"showSkybox":true,"showFlares":true,"showImageEffects":true,"showParticleSystems":true},"in2DMode":false,"pivot":{"x":-3.574953556060791,"y":5.992023468017578,"z":8.653642654418946},"rotation":{"x":0.15584315359592439,"y":0.29835525155067446,"z":-0.040840938687324527,"w":0.9439703226089478},"size":9.531970977783204,"orthographic":false}