{"cameraMode":{"drawMode":0,"name":"Shaded","section":"Shading Mode"},"sceneLighting":true,"audioPlay":false,"sceneViewState":{"showFog":true,"showMaterialUpdate":false,"showSkybox":true,"showFlares":true,"showImageEffects":true,"showParticleSystems":true},"in2DMode":false,"pivot":{"x":-0.006462499499320984,"y":4.563420295715332,"z":-0.22071141004562379},"rotation":{"x":-0.07182600349187851,"y":0.06174013763666153,"z":-0.13027705252170564,"w":-0.989716112613678},"size":0.7000781297683716,"orthographic":false}