{"cameraMode":{"drawMode":0,"name":"Shaded","section":"Shading Mode"},"sceneLighting":true,"audioPlay":false,"sceneViewState":{"showFog":true,"showMaterialUpdate":false,"showSkybox":true,"showFlares":true,"showImageEffects":true,"showParticleSystems":true},"in2DMode":false,"pivot":{"x":-0.06581871956586838,"y":4.00798225402832,"z":2.9336609840393068},"rotation":{"x":0.10404926538467407,"y":-0.0137918870896101,"z":0.06185736134648323,"w":0.998249888420105},"size":7.035393238067627,"orthographic":false}