{"cameraMode":{"drawMode":0,"name":"Shaded","section":"Shading Mode"},"sceneLighting":true,"audioPlay":false,"sceneViewState":{"showFog":true,"showMaterialUpdate":false,"showSkybox":true,"showFlares":true,"showImageEffects":true,"showParticleSystems":true},"in2DMode":false,"pivot":{"x":-0.02816518396139145,"y":4.4313225746154789,"z":0.2871265411376953},"rotation":{"x":0.007416661828756332,"y":-0.029052311554551126,"z":0.0028996162582188846,"w":0.9997232556343079},"size":0.6989504098892212,"orthographic":false}