{"cameraMode":{"drawMode":0,"name":"Shaded","section":"Shading Mode"},"sceneLighting":false,"audioPlay":false,"sceneViewState":{"showFog":true,"showMaterialUpdate":false,"showSkybox":false,"showFlares":true,"showImageEffects":true,"showParticleSystems":true},"in2DMode":false,"pivot":{"x":-3.2973508834838869,"y":2.038036823272705,"z":-22.38817024230957},"rotation":{"x":0.12193809449672699,"y":0.8145121932029724,"z":-0.1294190138578415,"w":0.556950032711029},"size":2.026926279067993,"orthographic":false}