{"cameraMode":{"drawMode":0,"name":"Shaded","section":"Shading Mode"},"sceneLighting":true,"audioPlay":false,"sceneViewState":{"showFog":true,"showMaterialUpdate":false,"showSkybox":true,"showFlares":true,"showImageEffects":true,"showParticleSystems":true},"in2DMode":false,"pivot":{"x":0.9920973777770996,"y":3.825296401977539,"z":4.9314775466918949},"rotation":{"x":-0.07397691160440445,"y":-0.1738220751285553,"z":0.013705383986234665,"w":0.9826846122741699},"size":5.997281074523926,"orthographic":false}