{"cameraMode":{"drawMode":0,"name":"Shaded","section":"Shading Mode"},"sceneLighting":false,"audioPlay":false,"sceneViewState":{"showFog":true,"showMaterialUpdate":false,"showSkybox":false,"showFlares":true,"showImageEffects":true,"showParticleSystems":true},"in2DMode":false,"pivot":{"x":-6.246120452880859,"y":1.290959358215332,"z":-48.5581169128418},"rotation":{"x":-0.14368417859077454,"y":-0.7612930536270142,"z":0.13230681419372559,"w":-0.6225269436836243},"size":8.553823471069336,"orthographic":false}