{"cameraMode":{"drawMode":0,"name":"Shaded","section":"Shading Mode"},"sceneLighting":true,"audioPlay":false,"sceneViewState":{"showFog":true,"showMaterialUpdate":false,"showSkybox":true,"showFlares":true,"showImageEffects":true,"showParticleSystems":true},"in2DMode":false,"pivot":{"x":-1.7609336376190186,"y":7.245197296142578,"z":5.1976423263549809},"rotation":{"x":0.2764143645763397,"y":0.08474720269441605,"z":-0.10894763469696045,"w":-0.955008327960968},"size":13.034061431884766,"orthographic":false}